ImageID,Class
testimage_1.jpg,0
testimage_10.jpg,0
testimage_100.jpg,2
testimage_1000.jpg,2
testimage_1001.jpg,0
testimage_1002.jpg,0
testimage_1003.jpg,1
testimage_1004.jpg,1
testimage_1005.jpg,2
testimage_1006.jpg,2
testimage_1007.jpg,2
testimage_1008.jpg,2
testimage_1009.jpg,0
testimage_101.jpg,1
testimage_1010.jpg,3
testimage_1011.jpg,2
testimage_1012.jpg,2
testimage_1013.jpg,1
testimage_1014.jpg,3
testimage_1015.jpg,2
testimage_1016.jpg,0
testimage_1017.jpg,3
testimage_1018.jpg,2
testimage_1019.jpg,1
testimage_102.jpg,1
testimage_1020.jpg,3
testimage_1021.jpg,3
testimage_1022.jpg,1
testimage_1023.jpg,1
testimage_1024.jpg,1
testimage_1025.jpg,1
testimage_1026.jpg,2
testimage_1027.jpg,0
testimage_1028.jpg,1
testimage_1029.jpg,0
testimage_103.jpg,1
testimage_1030.jpg,1
testimage_1031.jpg,0
testimage_1032.jpg,3
testimage_1033.jpg,3
testimage_1034.jpg,6
testimage_1035.jpg,2
testimage_1036.jpg,3
testimage_1037.jpg,3
testimage_1038.jpg,0
testimage_1039.jpg,2
testimage_104.jpg,2
testimage_1040.jpg,3
testimage_1041.jpg,0
testimage_1042.jpg,0
testimage_1043.jpg,0
testimage_1044.jpg,1
testimage_1045.jpg,3
testimage_1046.jpg,2
testimage_1047.jpg,2
testimage_1048.jpg,5
testimage_1049.jpg,1
testimage_105.jpg,3
testimage_1050.jpg,0
testimage_1051.jpg,5
testimage_1052.jpg,0
testimage_1053.jpg,0
testimage_1054.jpg,3
testimage_1055.jpg,0
testimage_1056.jpg,1
testimage_1057.jpg,2
testimage_1058.jpg,1
testimage_1059.jpg,1
testimage_106.jpg,1
testimage_1060.jpg,2
testimage_1061.jpg,3
testimage_1062.jpg,2
testimage_1063.jpg,2
testimage_1064.jpg,2
testimage_1065.jpg,1
testimage_1066.jpg,3
testimage_1067.jpg,0
testimage_1068.jpg,2
testimage_1069.jpg,0
testimage_107.jpg,2
testimage_1070.jpg,0
testimage_1071.jpg,0
testimage_1072.jpg,5
testimage_1073.jpg,2
testimage_1074.jpg,0
testimage_1075.jpg,1
testimage_1076.jpg,0
testimage_1077.jpg,2
testimage_1078.jpg,3
testimage_1079.jpg,2
testimage_108.jpg,6
testimage_1080.jpg,0
testimage_1081.jpg,1
testimage_1082.jpg,1
testimage_1083.jpg,0
testimage_1084.jpg,2
testimage_1085.jpg,5
testimage_1086.jpg,1
testimage_1087.jpg,2
testimage_1088.jpg,1
testimage_1089.jpg,0
testimage_109.jpg,3
testimage_1090.jpg,2
testimage_1091.jpg,2
testimage_1092.jpg,3
testimage_1093.jpg,0
testimage_1094.jpg,2
testimage_1095.jpg,3
testimage_1096.jpg,1
testimage_1097.jpg,1
testimage_1098.jpg,2
testimage_1099.jpg,3
testimage_11.jpg,0
testimage_110.jpg,0
testimage_1100.jpg,1
testimage_1101.jpg,2
testimage_1102.jpg,2
testimage_1103.jpg,2
testimage_1104.jpg,1
testimage_1105.jpg,2
testimage_1106.jpg,3
testimage_1107.jpg,5
testimage_1108.jpg,2
testimage_1109.jpg,3
testimage_111.jpg,1
testimage_1110.jpg,2
testimage_1111.jpg,1
testimage_1112.jpg,2
testimage_1113.jpg,1
testimage_1114.jpg,1
testimage_1115.jpg,2
testimage_1116.jpg,2
testimage_1117.jpg,2
testimage_1118.jpg,2
testimage_1119.jpg,3
testimage_112.jpg,1
testimage_1120.jpg,0
testimage_1121.jpg,3
testimage_1122.jpg,1
testimage_1123.jpg,1
testimage_1124.jpg,0
testimage_1125.jpg,2
testimage_1126.jpg,1
testimage_1127.jpg,0
testimage_1128.jpg,2
testimage_1129.jpg,1
testimage_113.jpg,0
testimage_1130.jpg,0
testimage_1131.jpg,2
testimage_1132.jpg,2
testimage_1133.jpg,3
testimage_1134.jpg,2
testimage_1135.jpg,1
testimage_1136.jpg,2
testimage_1137.jpg,0
testimage_1138.jpg,2
testimage_1139.jpg,3
testimage_114.jpg,1
testimage_1140.jpg,0
testimage_1141.jpg,2
testimage_1142.jpg,0
testimage_1143.jpg,1
testimage_1144.jpg,2
testimage_1145.jpg,0
testimage_1146.jpg,2
testimage_1147.jpg,1
testimage_1148.jpg,3
testimage_1149.jpg,0
testimage_115.jpg,3
testimage_1150.jpg,0
testimage_1151.jpg,2
testimage_1152.jpg,1
testimage_1153.jpg,1
testimage_1154.jpg,3
testimage_1155.jpg,2
testimage_1156.jpg,3
testimage_1157.jpg,1
testimage_1158.jpg,1
testimage_1159.jpg,5
testimage_116.jpg,3
testimage_1160.jpg,2
testimage_1161.jpg,2
testimage_1162.jpg,1
testimage_1163.jpg,1
testimage_1164.jpg,0
testimage_1165.jpg,1
testimage_1166.jpg,2
testimage_1167.jpg,1
testimage_1168.jpg,2
testimage_1169.jpg,2
testimage_117.jpg,2
testimage_1170.jpg,1
testimage_1171.jpg,1
testimage_1172.jpg,2
testimage_1173.jpg,1
testimage_1174.jpg,2
testimage_1175.jpg,2
testimage_1176.jpg,2
testimage_1177.jpg,2
testimage_1178.jpg,1
testimage_1179.jpg,1
testimage_118.jpg,1
testimage_1180.jpg,0
testimage_1181.jpg,2
testimage_1182.jpg,2
testimage_1183.jpg,2
testimage_1184.jpg,0
testimage_1185.jpg,2
testimage_1186.jpg,0
testimage_1187.jpg,1
testimage_1188.jpg,3
testimage_1189.jpg,0
testimage_119.jpg,2
testimage_1190.jpg,0
testimage_1191.jpg,1
testimage_1192.jpg,3
testimage_1193.jpg,1
testimage_1194.jpg,2
testimage_1195.jpg,1
testimage_1196.jpg,1
testimage_1197.jpg,2
testimage_1198.jpg,2
testimage_1199.jpg,0
testimage_12.jpg,0
testimage_120.jpg,2
testimage_1200.jpg,2
testimage_1201.jpg,0
testimage_1202.jpg,2
testimage_1203.jpg,2
testimage_1204.jpg,5
testimage_1205.jpg,2
testimage_1206.jpg,1
testimage_1207.jpg,1
testimage_1208.jpg,3
testimage_1209.jpg,0
testimage_121.jpg,3
testimage_1210.jpg,4
testimage_1211.jpg,1
testimage_1212.jpg,0
testimage_1213.jpg,0
testimage_1214.jpg,1
testimage_1215.jpg,3
testimage_1216.jpg,2
testimage_1217.jpg,2
testimage_1218.jpg,3
testimage_1219.jpg,2
testimage_122.jpg,5
testimage_1220.jpg,0
testimage_1221.jpg,3
testimage_1222.jpg,2
testimage_1223.jpg,3
testimage_1224.jpg,3
testimage_1225.jpg,0
testimage_1226.jpg,0
testimage_1227.jpg,0
testimage_1228.jpg,2
testimage_1229.jpg,3
testimage_123.jpg,0
testimage_1230.jpg,0
testimage_1231.jpg,1
testimage_1232.jpg,1
testimage_1233.jpg,0
testimage_1234.jpg,3
testimage_1235.jpg,1
testimage_1236.jpg,3
testimage_1237.jpg,0
testimage_1238.jpg,5
testimage_1239.jpg,1
testimage_124.jpg,1
testimage_1240.jpg,1
testimage_1241.jpg,3
testimage_1242.jpg,3
testimage_1243.jpg,2
testimage_1244.jpg,0
testimage_1245.jpg,3
testimage_1246.jpg,2
testimage_1247.jpg,0
testimage_1248.jpg,1
testimage_1249.jpg,0
testimage_125.jpg,2
testimage_1250.jpg,1
testimage_1251.jpg,3
testimage_1252.jpg,2
testimage_1253.jpg,3
testimage_1254.jpg,3
testimage_1255.jpg,5
testimage_1256.jpg,2
testimage_1257.jpg,0
testimage_1258.jpg,3
testimage_1259.jpg,2
testimage_126.jpg,2
testimage_1260.jpg,1
testimage_1261.jpg,3
testimage_1262.jpg,0
testimage_1263.jpg,2
testimage_1264.jpg,2
testimage_1265.jpg,1
testimage_1266.jpg,1
testimage_1267.jpg,2
testimage_1268.jpg,0
testimage_1269.jpg,0
testimage_127.jpg,2
testimage_1270.jpg,2
testimage_1271.jpg,2
testimage_1272.jpg,0
testimage_1273.jpg,3
testimage_1274.jpg,3
testimage_1275.jpg,1
testimage_1276.jpg,1
testimage_1277.jpg,2
testimage_1278.jpg,0
testimage_1279.jpg,1
testimage_128.jpg,2
testimage_1280.jpg,0
testimage_1281.jpg,2
testimage_1282.jpg,3
testimage_1283.jpg,2
testimage_1284.jpg,2
testimage_1285.jpg,2
testimage_1286.jpg,0
testimage_1287.jpg,2
testimage_1288.jpg,1
testimage_1289.jpg,0
testimage_129.jpg,0
testimage_1290.jpg,3
testimage_1291.jpg,0
testimage_1292.jpg,0
testimage_1293.jpg,0
testimage_1294.jpg,1
testimage_1295.jpg,0
testimage_1296.jpg,0
testimage_1297.jpg,1
testimage_1298.jpg,3
testimage_1299.jpg,2
testimage_13.jpg,2
testimage_130.jpg,0
testimage_1300.jpg,3
testimage_1301.jpg,1
testimage_1302.jpg,1
testimage_1303.jpg,2
testimage_1304.jpg,1
testimage_1305.jpg,3
testimage_1306.jpg,1
testimage_1307.jpg,1
testimage_1308.jpg,3
testimage_1309.jpg,0
testimage_131.jpg,3
testimage_1310.jpg,1
testimage_1311.jpg,3
testimage_1312.jpg,5
testimage_1313.jpg,3
testimage_1314.jpg,0
testimage_1315.jpg,3
testimage_1316.jpg,4
testimage_1317.jpg,1
testimage_1318.jpg,2
testimage_1319.jpg,1
testimage_132.jpg,3
testimage_1320.jpg,3
testimage_1321.jpg,1
testimage_1322.jpg,2
testimage_1323.jpg,2
testimage_1324.jpg,2
testimage_1325.jpg,1
testimage_1326.jpg,0
testimage_1327.jpg,2
testimage_1328.jpg,2
testimage_1329.jpg,0
testimage_133.jpg,1
testimage_1330.jpg,2
testimage_1331.jpg,1
testimage_1332.jpg,3
testimage_1333.jpg,1
testimage_1334.jpg,2
testimage_1335.jpg,1
testimage_1336.jpg,3
testimage_1337.jpg,1
testimage_1338.jpg,0
testimage_1339.jpg,1
testimage_134.jpg,1
testimage_1340.jpg,1
testimage_1341.jpg,4
testimage_1342.jpg,1
testimage_1343.jpg,5
testimage_1344.jpg,2
testimage_1345.jpg,1
testimage_1346.jpg,0
testimage_1347.jpg,2
testimage_1348.jpg,3
testimage_1349.jpg,2
testimage_135.jpg,1
testimage_1350.jpg,1
testimage_1351.jpg,3
testimage_1352.jpg,2
testimage_1353.jpg,2
testimage_1354.jpg,1
testimage_1355.jpg,3
testimage_1356.jpg,1
testimage_1357.jpg,0
testimage_1358.jpg,2
testimage_1359.jpg,1
testimage_136.jpg,3
testimage_1360.jpg,2
testimage_1361.jpg,2
testimage_1362.jpg,0
testimage_1363.jpg,2
testimage_1364.jpg,1
testimage_1365.jpg,1
testimage_1366.jpg,1
testimage_1367.jpg,3
testimage_1368.jpg,2
testimage_1369.jpg,2
testimage_137.jpg,1
testimage_1370.jpg,3
testimage_1371.jpg,2
testimage_1372.jpg,2
testimage_1373.jpg,1
testimage_1374.jpg,2
testimage_1375.jpg,5
testimage_1376.jpg,3
testimage_1377.jpg,4
testimage_1378.jpg,0
testimage_1379.jpg,3
testimage_138.jpg,2
testimage_1380.jpg,0
testimage_1381.jpg,2
testimage_1382.jpg,5
testimage_1383.jpg,2
testimage_1384.jpg,2
testimage_1385.jpg,1
testimage_1386.jpg,0
testimage_1387.jpg,2
testimage_1388.jpg,0
testimage_1389.jpg,3
testimage_139.jpg,3
testimage_1390.jpg,1
testimage_1391.jpg,5
testimage_1392.jpg,1
testimage_1393.jpg,1
testimage_1394.jpg,3
testimage_1395.jpg,0
testimage_1396.jpg,2
testimage_1397.jpg,0
testimage_1398.jpg,1
testimage_1399.jpg,6
testimage_14.jpg,0
testimage_140.jpg,2
testimage_1400.jpg,2
testimage_1401.jpg,2
testimage_1402.jpg,2
testimage_1403.jpg,0
testimage_1404.jpg,1
testimage_1405.jpg,1
testimage_1406.jpg,0
testimage_1407.jpg,1
testimage_1408.jpg,1
testimage_1409.jpg,2
testimage_141.jpg,2
testimage_1410.jpg,2
testimage_1411.jpg,2
testimage_1412.jpg,1
testimage_1413.jpg,3
testimage_1414.jpg,0
testimage_1415.jpg,3
testimage_1416.jpg,1
testimage_1417.jpg,3
testimage_1418.jpg,0
testimage_1419.jpg,3
testimage_142.jpg,0
testimage_1420.jpg,3
testimage_1421.jpg,1
testimage_1422.jpg,3
testimage_1423.jpg,0
testimage_1424.jpg,1
testimage_1425.jpg,3
testimage_1426.jpg,1
testimage_1427.jpg,2
testimage_1428.jpg,1
testimage_1429.jpg,2
testimage_143.jpg,1
testimage_1430.jpg,0
testimage_1431.jpg,0
testimage_1432.jpg,2
testimage_1433.jpg,1
testimage_1434.jpg,0
testimage_1435.jpg,1
testimage_1436.jpg,3
testimage_1437.jpg,2
testimage_1438.jpg,2
testimage_1439.jpg,3
testimage_144.jpg,2
testimage_1440.jpg,2
testimage_1441.jpg,0
testimage_1442.jpg,0
testimage_1443.jpg,2
testimage_1444.jpg,0
testimage_1445.jpg,3
testimage_1446.jpg,2
testimage_1447.jpg,2
testimage_1448.jpg,2
testimage_1449.jpg,1
testimage_145.jpg,1
testimage_1450.jpg,2
testimage_1451.jpg,3
testimage_1452.jpg,3
testimage_1453.jpg,1
testimage_1454.jpg,1
testimage_1455.jpg,3
testimage_1456.jpg,1
testimage_1457.jpg,3
testimage_1458.jpg,1
testimage_1459.jpg,2
testimage_146.jpg,1
testimage_1460.jpg,1
testimage_1461.jpg,1
testimage_1462.jpg,2
testimage_1463.jpg,2
testimage_1464.jpg,5
testimage_1465.jpg,2
testimage_1466.jpg,1
testimage_1467.jpg,1
testimage_1468.jpg,3
testimage_1469.jpg,3
testimage_147.jpg,1
testimage_1470.jpg,2
testimage_1471.jpg,5
testimage_1472.jpg,1
testimage_1473.jpg,2
testimage_1474.jpg,3
testimage_1475.jpg,1
testimage_1476.jpg,2
testimage_1477.jpg,2
testimage_1478.jpg,0
testimage_1479.jpg,2
testimage_148.jpg,3
testimage_1480.jpg,3
testimage_1481.jpg,1
testimage_1482.jpg,1
testimage_1483.jpg,3
testimage_1484.jpg,1
testimage_1485.jpg,3
testimage_1486.jpg,3
testimage_1487.jpg,1
testimage_1488.jpg,0
testimage_1489.jpg,2
testimage_149.jpg,2
testimage_1490.jpg,1
testimage_1491.jpg,4
testimage_1492.jpg,0
testimage_1493.jpg,1
testimage_1494.jpg,0
testimage_1495.jpg,2
testimage_1496.jpg,1
testimage_1497.jpg,5
testimage_1498.jpg,3
testimage_1499.jpg,1
testimage_15.jpg,2
testimage_150.jpg,0
testimage_1500.jpg,0
testimage_1501.jpg,5
testimage_1502.jpg,3
testimage_1503.jpg,3
testimage_1504.jpg,3
testimage_1505.jpg,2
testimage_1506.jpg,0
testimage_1507.jpg,3
testimage_1508.jpg,3
testimage_1509.jpg,0
testimage_151.jpg,2
testimage_1510.jpg,2
testimage_1511.jpg,3
testimage_1512.jpg,0
testimage_1513.jpg,2
testimage_1514.jpg,3
testimage_1515.jpg,1
testimage_1516.jpg,2
testimage_1517.jpg,1
testimage_1518.jpg,0
testimage_1519.jpg,0
testimage_152.jpg,0
testimage_1520.jpg,1
testimage_1521.jpg,0
testimage_1522.jpg,2
testimage_1523.jpg,3
testimage_1524.jpg,0
testimage_1525.jpg,3
testimage_1526.jpg,0
testimage_1527.jpg,0
testimage_1528.jpg,2
testimage_1529.jpg,2
testimage_153.jpg,0
testimage_1530.jpg,3
testimage_1531.jpg,3
testimage_1532.jpg,2
testimage_1533.jpg,0
testimage_1534.jpg,1
testimage_1535.jpg,1
testimage_1536.jpg,0
testimage_1537.jpg,3
testimage_1538.jpg,0
testimage_1539.jpg,1
testimage_154.jpg,2
testimage_1540.jpg,2
testimage_1541.jpg,1
testimage_1542.jpg,2
testimage_1543.jpg,1
testimage_1544.jpg,3
testimage_1545.jpg,5
testimage_1546.jpg,3
testimage_1547.jpg,2
testimage_1548.jpg,0
testimage_1549.jpg,2
testimage_155.jpg,3
testimage_1550.jpg,2
testimage_1551.jpg,2
testimage_1552.jpg,0
testimage_1553.jpg,0
testimage_1554.jpg,2
testimage_1555.jpg,2
testimage_1556.jpg,3
testimage_1557.jpg,1
testimage_1558.jpg,0
testimage_1559.jpg,3
testimage_156.jpg,2
testimage_1560.jpg,2
testimage_1561.jpg,3
testimage_1562.jpg,2
testimage_1563.jpg,3
testimage_1564.jpg,2
testimage_1565.jpg,2
testimage_1566.jpg,2
testimage_1567.jpg,1
testimage_1568.jpg,2
testimage_1569.jpg,3
testimage_157.jpg,2
testimage_1570.jpg,2
testimage_1571.jpg,0
testimage_1572.jpg,1
testimage_1573.jpg,3
testimage_1574.jpg,3
testimage_1575.jpg,2
testimage_1576.jpg,3
testimage_1577.jpg,3
testimage_1578.jpg,3
testimage_1579.jpg,5
testimage_158.jpg,2
testimage_1580.jpg,1
testimage_1581.jpg,1
testimage_1582.jpg,2
testimage_1583.jpg,1
testimage_1584.jpg,2
testimage_1585.jpg,2
testimage_1586.jpg,1
testimage_1587.jpg,0
testimage_1588.jpg,1
testimage_1589.jpg,2
testimage_159.jpg,1
testimage_1590.jpg,1
testimage_1591.jpg,3
testimage_1592.jpg,1
testimage_1593.jpg,1
testimage_1594.jpg,3
testimage_1595.jpg,1
testimage_1596.jpg,2
testimage_1597.jpg,2
testimage_1598.jpg,1
testimage_1599.jpg,1
testimage_16.jpg,2
testimage_160.jpg,2
testimage_1600.jpg,2
testimage_1601.jpg,2
testimage_1602.jpg,1
testimage_1603.jpg,3
testimage_1604.jpg,3
testimage_1605.jpg,3
testimage_1606.jpg,2
testimage_1607.jpg,2
testimage_1608.jpg,2
testimage_1609.jpg,1
testimage_161.jpg,2
testimage_1610.jpg,3
testimage_1611.jpg,2
testimage_1612.jpg,1
testimage_1613.jpg,2
testimage_1614.jpg,2
testimage_1615.jpg,3
testimage_1616.jpg,1
testimage_1617.jpg,1
testimage_1618.jpg,1
testimage_1619.jpg,1
testimage_162.jpg,1
testimage_1620.jpg,1
testimage_1621.jpg,0
testimage_1622.jpg,5
testimage_1623.jpg,1
testimage_1624.jpg,5
testimage_1625.jpg,1
testimage_1626.jpg,3
testimage_1627.jpg,1
testimage_1628.jpg,1
testimage_1629.jpg,1
testimage_163.jpg,1
testimage_1630.jpg,3
testimage_1631.jpg,1
testimage_1632.jpg,2
testimage_1633.jpg,0
testimage_1634.jpg,0
testimage_1635.jpg,0
testimage_1636.jpg,1
testimage_1637.jpg,3
testimage_1638.jpg,1
testimage_1639.jpg,1
testimage_164.jpg,1
testimage_1640.jpg,3
testimage_1641.jpg,1
testimage_1642.jpg,1
testimage_1643.jpg,2
testimage_1644.jpg,2
testimage_1645.jpg,2
testimage_1646.jpg,3
testimage_1647.jpg,2
testimage_1648.jpg,1
testimage_1649.jpg,3
testimage_165.jpg,1
testimage_1650.jpg,2
testimage_1651.jpg,2
testimage_1652.jpg,1
testimage_1653.jpg,0
testimage_1654.jpg,1
testimage_1655.jpg,2
testimage_1656.jpg,0
testimage_1657.jpg,1
testimage_1658.jpg,2
testimage_1659.jpg,2
testimage_166.jpg,2
testimage_1660.jpg,2
testimage_1661.jpg,4
testimage_1662.jpg,4
testimage_1663.jpg,0
testimage_1664.jpg,4
testimage_1665.jpg,1
testimage_1666.jpg,3
testimage_1667.jpg,2
testimage_1668.jpg,2
testimage_1669.jpg,1
testimage_167.jpg,2
testimage_1670.jpg,1
testimage_1671.jpg,1
testimage_1672.jpg,2
testimage_1673.jpg,2
testimage_1674.jpg,1
testimage_1675.jpg,2
testimage_1676.jpg,0
testimage_1677.jpg,2
testimage_1678.jpg,0
testimage_1679.jpg,0
testimage_168.jpg,2
testimage_1680.jpg,3
testimage_1681.jpg,0
testimage_1682.jpg,1
testimage_1683.jpg,2
testimage_1684.jpg,2
testimage_1685.jpg,2
testimage_1686.jpg,2
testimage_1687.jpg,6
testimage_1688.jpg,3
testimage_1689.jpg,1
testimage_169.jpg,4
testimage_1690.jpg,2
testimage_1691.jpg,2
testimage_1692.jpg,0
testimage_1693.jpg,2
testimage_1694.jpg,1
testimage_1695.jpg,2
testimage_1696.jpg,2
testimage_1697.jpg,2
testimage_1698.jpg,2
testimage_1699.jpg,2
testimage_17.jpg,3
testimage_170.jpg,0
testimage_1700.jpg,2
testimage_1701.jpg,1
testimage_1702.jpg,0
testimage_1703.jpg,3
testimage_1704.jpg,2
testimage_1705.jpg,1
testimage_1706.jpg,4
testimage_1707.jpg,1
testimage_1708.jpg,1
testimage_1709.jpg,5
testimage_171.jpg,2
testimage_1710.jpg,2
testimage_1711.jpg,3
testimage_1712.jpg,2
testimage_1713.jpg,1
testimage_1714.jpg,1
testimage_1715.jpg,2
testimage_1716.jpg,2
testimage_1717.jpg,1
testimage_1718.jpg,1
testimage_1719.jpg,1
testimage_172.jpg,2
testimage_1720.jpg,1
testimage_1721.jpg,2
testimage_1722.jpg,0
testimage_1723.jpg,5
testimage_1724.jpg,1
testimage_1725.jpg,5
testimage_1726.jpg,1
testimage_1727.jpg,0
testimage_1728.jpg,4
testimage_1729.jpg,0
testimage_173.jpg,0
testimage_1730.jpg,2
testimage_1731.jpg,2
testimage_1732.jpg,2
testimage_1733.jpg,0
testimage_1734.jpg,2
testimage_1735.jpg,5
testimage_1736.jpg,2
testimage_1737.jpg,2
testimage_1738.jpg,4
testimage_1739.jpg,1
testimage_174.jpg,3
testimage_1740.jpg,0
testimage_1741.jpg,1
testimage_1742.jpg,2
testimage_1743.jpg,2
testimage_1744.jpg,0
testimage_1745.jpg,0
testimage_1746.jpg,0
testimage_1747.jpg,2
testimage_1748.jpg,0
testimage_1749.jpg,1
testimage_175.jpg,2
testimage_1750.jpg,0
testimage_1751.jpg,1
testimage_1752.jpg,3
testimage_1753.jpg,3
testimage_1754.jpg,1
testimage_1755.jpg,3
testimage_1756.jpg,3
testimage_1757.jpg,1
testimage_1758.jpg,1
testimage_1759.jpg,3
testimage_176.jpg,2
testimage_1760.jpg,3
testimage_1761.jpg,0
testimage_1762.jpg,1
testimage_1763.jpg,2
testimage_1764.jpg,1
testimage_1765.jpg,0
testimage_1766.jpg,0
testimage_1767.jpg,1
testimage_1768.jpg,2
testimage_1769.jpg,1
testimage_177.jpg,3
testimage_1770.jpg,2
testimage_1771.jpg,0
testimage_1772.jpg,2
testimage_1773.jpg,0
testimage_1774.jpg,1
testimage_1775.jpg,0
testimage_1776.jpg,1
testimage_1777.jpg,2
testimage_1778.jpg,0
testimage_1779.jpg,1
testimage_178.jpg,0
testimage_1780.jpg,0
testimage_1781.jpg,2
testimage_1782.jpg,0
testimage_1783.jpg,1
testimage_1784.jpg,1
testimage_1785.jpg,1
testimage_1786.jpg,1
testimage_1787.jpg,0
testimage_1788.jpg,0
testimage_1789.jpg,0
testimage_179.jpg,1
testimage_1790.jpg,1
testimage_1791.jpg,0
testimage_1792.jpg,0
testimage_1793.jpg,2
testimage_1794.jpg,1
testimage_1795.jpg,3
testimage_1796.jpg,3
testimage_1797.jpg,3
testimage_1798.jpg,3
testimage_1799.jpg,0
testimage_18.jpg,0
testimage_180.jpg,1
testimage_1800.jpg,2
testimage_1801.jpg,0
testimage_1802.jpg,1
testimage_1803.jpg,1
testimage_1804.jpg,3
testimage_1805.jpg,0
testimage_1806.jpg,2
testimage_1807.jpg,1
testimage_1808.jpg,5
testimage_1809.jpg,5
testimage_181.jpg,1
testimage_1810.jpg,0
testimage_1811.jpg,1
testimage_1812.jpg,2
testimage_1813.jpg,1
testimage_1814.jpg,5
testimage_1815.jpg,2
testimage_1816.jpg,0
testimage_1817.jpg,3
testimage_1818.jpg,2
testimage_1819.jpg,5
testimage_182.jpg,5
testimage_1820.jpg,2
testimage_1821.jpg,2
testimage_1822.jpg,2
testimage_1823.jpg,3
testimage_1824.jpg,5
testimage_1825.jpg,2
testimage_1826.jpg,3
testimage_1827.jpg,3
testimage_1828.jpg,2
testimage_1829.jpg,1
testimage_183.jpg,1
testimage_1830.jpg,2
testimage_1831.jpg,2
testimage_1832.jpg,3
testimage_1833.jpg,3
testimage_1834.jpg,0
testimage_1835.jpg,1
testimage_1836.jpg,0
testimage_1837.jpg,1
testimage_1838.jpg,5
testimage_1839.jpg,3
testimage_184.jpg,0
testimage_1840.jpg,1
testimage_1841.jpg,0
testimage_1842.jpg,5
testimage_1843.jpg,0
testimage_1844.jpg,1
testimage_1845.jpg,1
testimage_1846.jpg,2
testimage_1847.jpg,5
testimage_1848.jpg,0
testimage_1849.jpg,0
testimage_185.jpg,3
testimage_1850.jpg,3
testimage_1851.jpg,3
testimage_1852.jpg,2
testimage_1853.jpg,2
testimage_1854.jpg,2
testimage_1855.jpg,3
testimage_1856.jpg,0
testimage_1857.jpg,3
testimage_1858.jpg,2
testimage_1859.jpg,2
testimage_186.jpg,1
testimage_1860.jpg,2
testimage_1861.jpg,1
testimage_1862.jpg,2
testimage_1863.jpg,2
testimage_1864.jpg,2
testimage_1865.jpg,0
testimage_1866.jpg,3
testimage_1867.jpg,0
testimage_1868.jpg,5
testimage_1869.jpg,3
testimage_187.jpg,1
testimage_1870.jpg,1
testimage_1871.jpg,3
testimage_1872.jpg,2
testimage_1873.jpg,0
testimage_1874.jpg,1
testimage_1875.jpg,5
testimage_1876.jpg,2
testimage_1877.jpg,0
testimage_1878.jpg,1
testimage_1879.jpg,2
testimage_188.jpg,0
testimage_1880.jpg,2
testimage_1881.jpg,1
testimage_1882.jpg,0
testimage_1883.jpg,0
testimage_1884.jpg,1
testimage_1885.jpg,1
testimage_1886.jpg,0
testimage_1887.jpg,2
testimage_1888.jpg,1
testimage_1889.jpg,2
testimage_189.jpg,1
testimage_1890.jpg,1
testimage_1891.jpg,0
testimage_1892.jpg,2
testimage_1893.jpg,2
testimage_1894.jpg,3
testimage_1895.jpg,1
testimage_1896.jpg,1
testimage_1897.jpg,0
testimage_1898.jpg,2
testimage_1899.jpg,3
testimage_19.jpg,3
testimage_190.jpg,3
testimage_1900.jpg,3
testimage_1901.jpg,2
testimage_1902.jpg,3
testimage_1903.jpg,2
testimage_1904.jpg,3
testimage_1905.jpg,1
testimage_1906.jpg,0
testimage_1907.jpg,2
testimage_1908.jpg,1
testimage_1909.jpg,0
testimage_191.jpg,2
testimage_1910.jpg,0
testimage_1911.jpg,3
testimage_1912.jpg,0
testimage_1913.jpg,1
testimage_1914.jpg,5
testimage_1915.jpg,0
testimage_1916.jpg,3
testimage_1917.jpg,0
testimage_1918.jpg,3
testimage_1919.jpg,1
testimage_192.jpg,2
testimage_1920.jpg,2
testimage_1921.jpg,1
testimage_1922.jpg,3
testimage_1923.jpg,2
testimage_1924.jpg,2
testimage_1925.jpg,1
testimage_1926.jpg,0
testimage_1927.jpg,3
testimage_1928.jpg,2
testimage_1929.jpg,0
testimage_193.jpg,2
testimage_1930.jpg,0
testimage_1931.jpg,1
testimage_1932.jpg,2
testimage_1933.jpg,1
testimage_1934.jpg,0
testimage_1935.jpg,0
testimage_1936.jpg,0
testimage_1937.jpg,0
testimage_1938.jpg,3
testimage_1939.jpg,2
testimage_194.jpg,2
testimage_1940.jpg,2
testimage_1941.jpg,2
testimage_1942.jpg,2
testimage_1943.jpg,1
testimage_1944.jpg,2
testimage_1945.jpg,0
testimage_1946.jpg,5
testimage_1947.jpg,3
testimage_1948.jpg,0
testimage_1949.jpg,1
testimage_195.jpg,3
testimage_1950.jpg,2
testimage_1951.jpg,1
testimage_1952.jpg,1
testimage_1953.jpg,1
testimage_1954.jpg,2
testimage_1955.jpg,1
testimage_1956.jpg,0
testimage_1957.jpg,3
testimage_1958.jpg,2
testimage_1959.jpg,2
testimage_196.jpg,2
testimage_1960.jpg,0
testimage_1961.jpg,1
testimage_1962.jpg,1
testimage_1963.jpg,1
testimage_1964.jpg,2
testimage_1965.jpg,1
testimage_1966.jpg,0
testimage_1967.jpg,3
testimage_1968.jpg,2
testimage_1969.jpg,0
testimage_197.jpg,2
testimage_1970.jpg,1
testimage_1971.jpg,1
testimage_1972.jpg,1
testimage_1973.jpg,2
testimage_1974.jpg,2
testimage_1975.jpg,1
testimage_1976.jpg,1
testimage_1977.jpg,1
testimage_1978.jpg,1
testimage_1979.jpg,5
testimage_198.jpg,3
testimage_1980.jpg,1
testimage_1981.jpg,0
testimage_1982.jpg,0
testimage_1983.jpg,2
testimage_1984.jpg,5
testimage_1985.jpg,0
testimage_1986.jpg,1
testimage_1987.jpg,2
testimage_1988.jpg,3
testimage_1989.jpg,0
testimage_199.jpg,3
testimage_1990.jpg,0
testimage_1991.jpg,2
testimage_1992.jpg,0
testimage_1993.jpg,2
testimage_1994.jpg,2
testimage_1995.jpg,1
testimage_1996.jpg,1
testimage_1997.jpg,2
testimage_1998.jpg,0
testimage_1999.jpg,2
testimage_2.jpg,1
testimage_20.jpg,1
testimage_200.jpg,5
testimage_2000.jpg,1
testimage_2001.jpg,0
testimage_2002.jpg,1
testimage_2003.jpg,2
testimage_2004.jpg,1
testimage_2005.jpg,1
testimage_2006.jpg,2
testimage_2007.jpg,1
testimage_2008.jpg,0
testimage_2009.jpg,1
testimage_201.jpg,2
testimage_2010.jpg,2
testimage_2011.jpg,0
testimage_2012.jpg,3
testimage_2013.jpg,2
testimage_2014.jpg,1
testimage_2015.jpg,3
testimage_2016.jpg,0
testimage_2017.jpg,1
testimage_2018.jpg,4
testimage_2019.jpg,2
testimage_202.jpg,3
testimage_2020.jpg,2
testimage_2021.jpg,2
testimage_2022.jpg,1
testimage_2023.jpg,1
testimage_2024.jpg,3
testimage_2025.jpg,0
testimage_2026.jpg,1
testimage_2027.jpg,1
testimage_2028.jpg,2
testimage_2029.jpg,6
testimage_203.jpg,0
testimage_2030.jpg,5
testimage_2031.jpg,3
testimage_2032.jpg,2
testimage_2033.jpg,0
testimage_2034.jpg,3
testimage_2035.jpg,5
testimage_2036.jpg,0
testimage_2037.jpg,2
testimage_2038.jpg,2
testimage_2039.jpg,3
testimage_204.jpg,2
testimage_2040.jpg,0
testimage_2041.jpg,1
testimage_2042.jpg,2
testimage_2043.jpg,2
testimage_2044.jpg,0
testimage_2045.jpg,1
testimage_2046.jpg,3
testimage_2047.jpg,1
testimage_2048.jpg,2
testimage_2049.jpg,2
testimage_205.jpg,0
testimage_2050.jpg,1
testimage_2051.jpg,0
testimage_2052.jpg,3
testimage_2053.jpg,3
testimage_2054.jpg,3
testimage_2055.jpg,2
testimage_2056.jpg,1
testimage_2057.jpg,0
testimage_2058.jpg,0
testimage_2059.jpg,1
testimage_206.jpg,1
testimage_2060.jpg,3
testimage_2061.jpg,2
testimage_2062.jpg,2
testimage_2063.jpg,2
testimage_2064.jpg,2
testimage_2065.jpg,2
testimage_2066.jpg,3
testimage_2067.jpg,2
testimage_2068.jpg,1
testimage_2069.jpg,2
testimage_207.jpg,2
testimage_2070.jpg,0
testimage_2071.jpg,0
testimage_2072.jpg,0
testimage_2073.jpg,0
testimage_2074.jpg,1
testimage_2075.jpg,5
testimage_2076.jpg,1
testimage_2077.jpg,1
testimage_2078.jpg,1
testimage_2079.jpg,2
testimage_208.jpg,1
testimage_2080.jpg,3
testimage_2081.jpg,2
testimage_2082.jpg,2
testimage_2083.jpg,2
testimage_2084.jpg,1
testimage_2085.jpg,0
testimage_2086.jpg,1
testimage_2087.jpg,1
testimage_2088.jpg,2
testimage_2089.jpg,1
testimage_209.jpg,1
testimage_2090.jpg,2
testimage_2091.jpg,2
testimage_2092.jpg,0
testimage_2093.jpg,0
testimage_2094.jpg,3
testimage_2095.jpg,1
testimage_2096.jpg,1
testimage_2097.jpg,1
testimage_2098.jpg,1
testimage_2099.jpg,2
testimage_21.jpg,2
testimage_210.jpg,2
testimage_2100.jpg,0
testimage_2101.jpg,2
testimage_2102.jpg,0
testimage_2103.jpg,0
testimage_2104.jpg,1
testimage_2105.jpg,2
testimage_2106.jpg,2
testimage_2107.jpg,2
testimage_2108.jpg,1
testimage_2109.jpg,1
testimage_211.jpg,2
testimage_2110.jpg,1
testimage_2111.jpg,2
testimage_2112.jpg,2
testimage_2113.jpg,1
testimage_2114.jpg,2
testimage_2115.jpg,0
testimage_2116.jpg,3
testimage_2117.jpg,2
testimage_2118.jpg,1
testimage_2119.jpg,0
testimage_212.jpg,1
testimage_2120.jpg,1
testimage_2121.jpg,2
testimage_2122.jpg,1
testimage_2123.jpg,0
testimage_2124.jpg,3
testimage_2125.jpg,2
testimage_2126.jpg,0
testimage_2127.jpg,1
testimage_2128.jpg,2
testimage_2129.jpg,3
testimage_213.jpg,3
testimage_2130.jpg,2
testimage_2131.jpg,2
testimage_2132.jpg,5
testimage_2133.jpg,1
testimage_2134.jpg,1
testimage_2135.jpg,2
testimage_2136.jpg,2
testimage_2137.jpg,2
testimage_2138.jpg,1
testimage_2139.jpg,0
testimage_214.jpg,2
testimage_2140.jpg,2
testimage_2141.jpg,0
testimage_2142.jpg,2
testimage_2143.jpg,1
testimage_2144.jpg,1
testimage_2145.jpg,1
testimage_2146.jpg,0
testimage_2147.jpg,0
testimage_2148.jpg,0
testimage_2149.jpg,1
testimage_215.jpg,3
testimage_2150.jpg,1
testimage_2151.jpg,0
testimage_2152.jpg,6
testimage_2153.jpg,1
testimage_2154.jpg,0
testimage_2155.jpg,1
testimage_2156.jpg,1
testimage_2157.jpg,0
testimage_2158.jpg,2
testimage_2159.jpg,1
testimage_216.jpg,4
testimage_2160.jpg,2
testimage_2161.jpg,2
testimage_2162.jpg,2
testimage_2163.jpg,3
testimage_2164.jpg,2
testimage_2165.jpg,2
testimage_2166.jpg,6
testimage_2167.jpg,2
testimage_2168.jpg,1
testimage_2169.jpg,1
testimage_217.jpg,2
testimage_2170.jpg,1
testimage_2171.jpg,3
testimage_2172.jpg,5
testimage_2173.jpg,0
testimage_2174.jpg,0
testimage_2175.jpg,2
testimage_2176.jpg,1
testimage_2177.jpg,2
testimage_2178.jpg,1
testimage_2179.jpg,2
testimage_218.jpg,1
testimage_2180.jpg,1
testimage_2181.jpg,2
testimage_2182.jpg,2
testimage_2183.jpg,2
testimage_2184.jpg,4
testimage_2185.jpg,1
testimage_2186.jpg,1
testimage_2187.jpg,3
testimage_2188.jpg,0
testimage_2189.jpg,2
testimage_219.jpg,1
testimage_2190.jpg,0
testimage_2191.jpg,2
testimage_2192.jpg,3
testimage_2193.jpg,2
testimage_2194.jpg,2
testimage_2195.jpg,0
testimage_2196.jpg,1
testimage_2197.jpg,5
testimage_2198.jpg,3
testimage_2199.jpg,2
testimage_22.jpg,1
testimage_220.jpg,0
testimage_2200.jpg,3
testimage_2201.jpg,0
testimage_2202.jpg,2
testimage_2203.jpg,0
testimage_2204.jpg,0
testimage_2205.jpg,1
testimage_2206.jpg,1
testimage_2207.jpg,0
testimage_2208.jpg,2
testimage_2209.jpg,1
testimage_221.jpg,1
testimage_2210.jpg,3
testimage_2211.jpg,2
testimage_2212.jpg,0
testimage_2213.jpg,5
testimage_2214.jpg,1
testimage_2215.jpg,0
testimage_2216.jpg,0
testimage_2217.jpg,2
testimage_2218.jpg,0
testimage_2219.jpg,1
testimage_222.jpg,2
testimage_2220.jpg,0
testimage_2221.jpg,1
testimage_2222.jpg,0
testimage_2223.jpg,1
testimage_2224.jpg,0
testimage_2225.jpg,2
testimage_2226.jpg,2
testimage_2227.jpg,1
testimage_2228.jpg,2
testimage_2229.jpg,1
testimage_223.jpg,2
testimage_2230.jpg,2
testimage_2231.jpg,0
testimage_2232.jpg,1
testimage_2233.jpg,0
testimage_2234.jpg,1
testimage_2235.jpg,2
testimage_2236.jpg,2
testimage_2237.jpg,1
testimage_2238.jpg,1
testimage_2239.jpg,1
testimage_224.jpg,0
testimage_2240.jpg,0
testimage_2241.jpg,2
testimage_2242.jpg,3
testimage_2243.jpg,1
testimage_2244.jpg,2
testimage_2245.jpg,0
testimage_2246.jpg,1
testimage_2247.jpg,3
testimage_2248.jpg,0
testimage_2249.jpg,1
testimage_225.jpg,0
testimage_2250.jpg,0
testimage_2251.jpg,0
testimage_2252.jpg,3
testimage_2253.jpg,2
testimage_2254.jpg,2
testimage_2255.jpg,1
testimage_2256.jpg,2
testimage_2257.jpg,2
testimage_2258.jpg,1
testimage_2259.jpg,1
testimage_226.jpg,0
testimage_2260.jpg,2
testimage_2261.jpg,2
testimage_2262.jpg,1
testimage_2263.jpg,2
testimage_2264.jpg,1
testimage_2265.jpg,2
testimage_2266.jpg,3
testimage_2267.jpg,0
testimage_2268.jpg,1
testimage_2269.jpg,0
testimage_227.jpg,2
testimage_2270.jpg,2
testimage_2271.jpg,0
testimage_2272.jpg,2
testimage_2273.jpg,3
testimage_2274.jpg,1
testimage_2275.jpg,2
testimage_2276.jpg,3
testimage_2277.jpg,1
testimage_2278.jpg,2
testimage_2279.jpg,1
testimage_228.jpg,1
testimage_2280.jpg,1
testimage_2281.jpg,2
testimage_2282.jpg,2
testimage_2283.jpg,3
testimage_2284.jpg,2
testimage_2285.jpg,3
testimage_2286.jpg,2
testimage_2287.jpg,2
testimage_2288.jpg,0
testimage_2289.jpg,3
testimage_229.jpg,3
testimage_2290.jpg,1
testimage_2291.jpg,1
testimage_2292.jpg,2
testimage_2293.jpg,2
testimage_2294.jpg,0
testimage_2295.jpg,0
testimage_2296.jpg,0
testimage_2297.jpg,2
testimage_2298.jpg,3
testimage_2299.jpg,2
testimage_23.jpg,1
testimage_230.jpg,0
testimage_2300.jpg,5
testimage_2301.jpg,2
testimage_2302.jpg,2
testimage_2303.jpg,2
testimage_2304.jpg,2
testimage_2305.jpg,0
testimage_2306.jpg,3
testimage_2307.jpg,1
testimage_2308.jpg,1
testimage_2309.jpg,3
testimage_231.jpg,1
testimage_2310.jpg,3
testimage_2311.jpg,2
testimage_2312.jpg,1
testimage_2313.jpg,0
testimage_2314.jpg,1
testimage_2315.jpg,2
testimage_2316.jpg,1
testimage_2317.jpg,0
testimage_2318.jpg,2
testimage_2319.jpg,1
testimage_232.jpg,0
testimage_2320.jpg,2
testimage_2321.jpg,2
testimage_2322.jpg,2
testimage_2323.jpg,1
testimage_2324.jpg,1
testimage_2325.jpg,3
testimage_2326.jpg,2
testimage_2327.jpg,2
testimage_2328.jpg,1
testimage_2329.jpg,2
testimage_233.jpg,5
testimage_2330.jpg,1
testimage_2331.jpg,1
testimage_2332.jpg,0
testimage_2333.jpg,3
testimage_2334.jpg,3
testimage_2335.jpg,0
testimage_2336.jpg,3
testimage_2337.jpg,0
testimage_2338.jpg,2
testimage_2339.jpg,0
testimage_234.jpg,3
testimage_2340.jpg,2
testimage_2341.jpg,2
testimage_2342.jpg,5
testimage_2343.jpg,3
testimage_2344.jpg,0
testimage_2345.jpg,1
testimage_2346.jpg,2
testimage_2347.jpg,1
testimage_2348.jpg,2
testimage_2349.jpg,3
testimage_235.jpg,2
testimage_2350.jpg,0
testimage_2351.jpg,3
testimage_2352.jpg,1
testimage_2353.jpg,5
testimage_2354.jpg,0
testimage_2355.jpg,1
testimage_2356.jpg,2
testimage_2357.jpg,0
testimage_2358.jpg,2
testimage_2359.jpg,5
testimage_236.jpg,0
testimage_2360.jpg,2
testimage_2361.jpg,0
testimage_2362.jpg,3
testimage_2363.jpg,1
testimage_2364.jpg,2
testimage_2365.jpg,2
testimage_2366.jpg,1
testimage_2367.jpg,0
testimage_2368.jpg,1
testimage_2369.jpg,0
testimage_237.jpg,1
testimage_2370.jpg,1
testimage_2371.jpg,3
testimage_2372.jpg,1
testimage_2373.jpg,3
testimage_2374.jpg,1
testimage_2375.jpg,0
testimage_2376.jpg,0
testimage_2377.jpg,2
testimage_2378.jpg,2
testimage_2379.jpg,2
testimage_238.jpg,3
testimage_2380.jpg,2
testimage_2381.jpg,0
testimage_2382.jpg,2
testimage_2383.jpg,0
testimage_2384.jpg,0
testimage_2385.jpg,2
testimage_2386.jpg,0
testimage_2387.jpg,2
testimage_2388.jpg,2
testimage_2389.jpg,1
testimage_239.jpg,0
testimage_2390.jpg,0
testimage_2391.jpg,3
testimage_2392.jpg,2
testimage_2393.jpg,2
testimage_2394.jpg,1
testimage_2395.jpg,2
testimage_2396.jpg,3
testimage_2397.jpg,2
testimage_2398.jpg,3
testimage_2399.jpg,0
testimage_24.jpg,0
testimage_240.jpg,0
testimage_2400.jpg,0
testimage_2401.jpg,1
testimage_2402.jpg,0
testimage_2403.jpg,5
testimage_2404.jpg,1
testimage_2405.jpg,1
testimage_2406.jpg,1
testimage_2407.jpg,1
testimage_2408.jpg,0
testimage_2409.jpg,1
testimage_241.jpg,1
testimage_2410.jpg,1
testimage_2411.jpg,2
testimage_2412.jpg,3
testimage_2413.jpg,3
testimage_2414.jpg,2
testimage_2415.jpg,0
testimage_2416.jpg,1
testimage_2417.jpg,2
testimage_2418.jpg,1
testimage_2419.jpg,2
testimage_242.jpg,0
testimage_2420.jpg,1
testimage_2421.jpg,1
testimage_2422.jpg,2
testimage_2423.jpg,1
testimage_2424.jpg,2
testimage_2425.jpg,3
testimage_2426.jpg,1
testimage_2427.jpg,0
testimage_2428.jpg,0
testimage_2429.jpg,2
testimage_243.jpg,1
testimage_2430.jpg,1
testimage_2431.jpg,0
testimage_2432.jpg,0
testimage_2433.jpg,3
testimage_2434.jpg,2
testimage_2435.jpg,1
testimage_2436.jpg,1
testimage_2437.jpg,2
testimage_2438.jpg,2
testimage_2439.jpg,1
testimage_244.jpg,1
testimage_2440.jpg,2
testimage_2441.jpg,2
testimage_2442.jpg,3
testimage_2443.jpg,2
testimage_2444.jpg,3
testimage_2445.jpg,1
testimage_2446.jpg,2
testimage_2447.jpg,3
testimage_2448.jpg,1
testimage_2449.jpg,0
testimage_245.jpg,2
testimage_2450.jpg,1
testimage_2451.jpg,3
testimage_2452.jpg,0
testimage_2453.jpg,3
testimage_2454.jpg,0
testimage_2455.jpg,2
testimage_2456.jpg,1
testimage_2457.jpg,1
testimage_2458.jpg,2
testimage_2459.jpg,3
testimage_246.jpg,0
testimage_2460.jpg,2
testimage_2461.jpg,2
testimage_2462.jpg,1
testimage_2463.jpg,1
testimage_2464.jpg,1
testimage_2465.jpg,2
testimage_2466.jpg,1
testimage_2467.jpg,3
testimage_2468.jpg,1
testimage_2469.jpg,2
testimage_247.jpg,0
testimage_2470.jpg,3
testimage_2471.jpg,1
testimage_2472.jpg,0
testimage_2473.jpg,2
testimage_2474.jpg,1
testimage_2475.jpg,1
testimage_2476.jpg,0
testimage_2477.jpg,2
testimage_2478.jpg,0
testimage_2479.jpg,2
testimage_248.jpg,3
testimage_2480.jpg,0
testimage_2481.jpg,0
testimage_2482.jpg,1
testimage_2483.jpg,2
testimage_2484.jpg,2
testimage_249.jpg,2
testimage_25.jpg,3
testimage_250.jpg,1
testimage_251.jpg,0
testimage_252.jpg,1
testimage_253.jpg,3
testimage_254.jpg,2
testimage_255.jpg,2
testimage_256.jpg,2
testimage_257.jpg,1
testimage_258.jpg,1
testimage_259.jpg,0
testimage_26.jpg,2
testimage_260.jpg,0
testimage_261.jpg,2
testimage_262.jpg,0
testimage_263.jpg,2
testimage_264.jpg,3
testimage_265.jpg,0
testimage_266.jpg,0
testimage_267.jpg,2
testimage_268.jpg,1
testimage_269.jpg,1
testimage_27.jpg,2
testimage_270.jpg,0
testimage_271.jpg,1
testimage_272.jpg,4
testimage_273.jpg,3
testimage_274.jpg,2
testimage_275.jpg,0
testimage_276.jpg,1
testimage_277.jpg,2
testimage_278.jpg,1
testimage_279.jpg,2
testimage_28.jpg,5
testimage_280.jpg,0
testimage_281.jpg,5
testimage_282.jpg,1
testimage_283.jpg,2
testimage_284.jpg,2
testimage_285.jpg,2
testimage_286.jpg,2
testimage_287.jpg,2
testimage_288.jpg,2
testimage_289.jpg,0
testimage_29.jpg,2
testimage_290.jpg,1
testimage_291.jpg,2
testimage_292.jpg,2
testimage_293.jpg,3
testimage_294.jpg,1
testimage_295.jpg,3
testimage_296.jpg,2
testimage_297.jpg,2
testimage_298.jpg,1
testimage_299.jpg,1
testimage_3.jpg,0
testimage_30.jpg,0
testimage_300.jpg,2
testimage_301.jpg,0
testimage_302.jpg,0
testimage_303.jpg,1
testimage_304.jpg,5
testimage_305.jpg,2
testimage_306.jpg,3
testimage_307.jpg,3
testimage_308.jpg,0
testimage_309.jpg,2
testimage_31.jpg,0
testimage_310.jpg,3
testimage_311.jpg,2
testimage_312.jpg,3
testimage_313.jpg,2
testimage_314.jpg,0
testimage_315.jpg,3
testimage_316.jpg,1
testimage_317.jpg,3
testimage_318.jpg,2
testimage_319.jpg,1
testimage_32.jpg,3
testimage_320.jpg,1
testimage_321.jpg,3
testimage_322.jpg,2
testimage_323.jpg,3
testimage_324.jpg,1
testimage_325.jpg,2
testimage_326.jpg,2
testimage_327.jpg,2
testimage_328.jpg,0
testimage_329.jpg,3
testimage_33.jpg,2
testimage_330.jpg,1
testimage_331.jpg,2
testimage_332.jpg,2
testimage_333.jpg,1
testimage_334.jpg,2
testimage_335.jpg,2
testimage_336.jpg,1
testimage_337.jpg,1
testimage_338.jpg,2
testimage_339.jpg,3
testimage_34.jpg,6
testimage_340.jpg,5
testimage_341.jpg,4
testimage_342.jpg,5
testimage_343.jpg,2
testimage_344.jpg,0
testimage_345.jpg,0
testimage_346.jpg,1
testimage_347.jpg,2
testimage_348.jpg,0
testimage_349.jpg,3
testimage_35.jpg,0
testimage_350.jpg,3
testimage_351.jpg,3
testimage_352.jpg,3
testimage_353.jpg,0
testimage_354.jpg,3
testimage_355.jpg,2
testimage_356.jpg,3
testimage_357.jpg,3
testimage_358.jpg,5
testimage_359.jpg,0
testimage_36.jpg,2
testimage_360.jpg,2
testimage_361.jpg,2
testimage_362.jpg,3
testimage_363.jpg,2
testimage_364.jpg,3
testimage_365.jpg,0
testimage_366.jpg,3
testimage_367.jpg,1
testimage_368.jpg,0
testimage_369.jpg,2
testimage_37.jpg,2
testimage_370.jpg,2
testimage_371.jpg,1
testimage_372.jpg,2
testimage_373.jpg,3
testimage_374.jpg,2
testimage_375.jpg,1
testimage_376.jpg,1
testimage_377.jpg,3
testimage_378.jpg,5
testimage_379.jpg,3
testimage_38.jpg,2
testimage_380.jpg,0
testimage_381.jpg,3
testimage_382.jpg,3
testimage_383.jpg,0
testimage_384.jpg,2
testimage_385.jpg,2
testimage_386.jpg,1
testimage_387.jpg,0
testimage_388.jpg,2
testimage_389.jpg,2
testimage_39.jpg,2
testimage_390.jpg,3
testimage_391.jpg,1
testimage_392.jpg,0
testimage_393.jpg,3
testimage_394.jpg,2
testimage_395.jpg,2
testimage_396.jpg,2
testimage_397.jpg,5
testimage_398.jpg,2
testimage_399.jpg,3
testimage_4.jpg,3
testimage_40.jpg,3
testimage_400.jpg,2
testimage_401.jpg,0
testimage_402.jpg,3
testimage_403.jpg,2
testimage_404.jpg,3
testimage_405.jpg,3
testimage_406.jpg,0
testimage_407.jpg,1
testimage_408.jpg,2
testimage_409.jpg,4
testimage_41.jpg,2
testimage_410.jpg,1
testimage_411.jpg,2
testimage_412.jpg,2
testimage_413.jpg,2
testimage_414.jpg,1
testimage_415.jpg,3
testimage_416.jpg,2
testimage_417.jpg,0
testimage_418.jpg,3
testimage_419.jpg,4
testimage_42.jpg,2
testimage_420.jpg,1
testimage_421.jpg,2
testimage_422.jpg,0
testimage_423.jpg,0
testimage_424.jpg,1
testimage_425.jpg,0
testimage_426.jpg,2
testimage_427.jpg,0
testimage_428.jpg,1
testimage_429.jpg,2
testimage_43.jpg,2
testimage_430.jpg,2
testimage_431.jpg,1
testimage_432.jpg,2
testimage_433.jpg,3
testimage_434.jpg,0
testimage_435.jpg,2
testimage_436.jpg,1
testimage_437.jpg,2
testimage_438.jpg,3
testimage_439.jpg,2
testimage_44.jpg,1
testimage_440.jpg,0
testimage_441.jpg,0
testimage_442.jpg,1
testimage_443.jpg,2
testimage_444.jpg,3
testimage_445.jpg,2
testimage_446.jpg,0
testimage_447.jpg,3
testimage_448.jpg,0
testimage_449.jpg,0
testimage_45.jpg,2
testimage_450.jpg,3
testimage_451.jpg,0
testimage_452.jpg,2
testimage_453.jpg,2
testimage_454.jpg,2
testimage_455.jpg,2
testimage_456.jpg,1
testimage_457.jpg,0
testimage_458.jpg,2
testimage_459.jpg,2
testimage_46.jpg,2
testimage_460.jpg,1
testimage_461.jpg,2
testimage_462.jpg,1
testimage_463.jpg,0
testimage_464.jpg,0
testimage_465.jpg,1
testimage_466.jpg,2
testimage_467.jpg,1
testimage_468.jpg,2
testimage_469.jpg,1
testimage_47.jpg,2
testimage_470.jpg,1
testimage_471.jpg,3
testimage_472.jpg,1
testimage_473.jpg,2
testimage_474.jpg,3
testimage_475.jpg,1
testimage_476.jpg,3
testimage_477.jpg,0
testimage_478.jpg,3
testimage_479.jpg,2
testimage_48.jpg,2
testimage_480.jpg,2
testimage_481.jpg,6
testimage_482.jpg,2
testimage_483.jpg,5
testimage_484.jpg,3
testimage_485.jpg,3
testimage_486.jpg,1
testimage_487.jpg,1
testimage_488.jpg,0
testimage_489.jpg,1
testimage_49.jpg,1
testimage_490.jpg,3
testimage_491.jpg,0
testimage_492.jpg,1
testimage_493.jpg,1
testimage_494.jpg,2
testimage_495.jpg,0
testimage_496.jpg,2
testimage_497.jpg,3
testimage_498.jpg,1
testimage_499.jpg,6
testimage_5.jpg,3
testimage_50.jpg,1
testimage_500.jpg,1
testimage_501.jpg,3
testimage_502.jpg,1
testimage_503.jpg,3
testimage_504.jpg,0
testimage_505.jpg,3
testimage_506.jpg,3
testimage_507.jpg,0
testimage_508.jpg,2
testimage_509.jpg,2
testimage_51.jpg,3
testimage_510.jpg,1
testimage_511.jpg,3
testimage_512.jpg,3
testimage_513.jpg,1
testimage_514.jpg,0
testimage_515.jpg,5
testimage_516.jpg,1
testimage_517.jpg,1
testimage_518.jpg,1
testimage_519.jpg,2
testimage_52.jpg,3
testimage_520.jpg,4
testimage_521.jpg,1
testimage_522.jpg,5
testimage_523.jpg,1
testimage_524.jpg,1
testimage_525.jpg,5
testimage_526.jpg,2
testimage_527.jpg,0
testimage_528.jpg,2
testimage_529.jpg,5
testimage_53.jpg,1
testimage_530.jpg,3
testimage_531.jpg,0
testimage_532.jpg,0
testimage_533.jpg,2
testimage_534.jpg,2
testimage_535.jpg,2
testimage_536.jpg,1
testimage_537.jpg,1
testimage_538.jpg,1
testimage_539.jpg,1
testimage_54.jpg,0
testimage_540.jpg,2
testimage_541.jpg,2
testimage_542.jpg,3
testimage_543.jpg,3
testimage_544.jpg,5
testimage_545.jpg,2
testimage_546.jpg,1
testimage_547.jpg,3
testimage_548.jpg,0
testimage_549.jpg,0
testimage_55.jpg,0
testimage_550.jpg,1
testimage_551.jpg,0
testimage_552.jpg,2
testimage_553.jpg,1
testimage_554.jpg,0
testimage_555.jpg,3
testimage_556.jpg,2
testimage_557.jpg,5
testimage_558.jpg,1
testimage_559.jpg,2
testimage_56.jpg,1
testimage_560.jpg,2
testimage_561.jpg,2
testimage_562.jpg,3
testimage_563.jpg,3
testimage_564.jpg,0
testimage_565.jpg,2
testimage_566.jpg,2
testimage_567.jpg,0
testimage_568.jpg,1
testimage_569.jpg,0
testimage_57.jpg,1
testimage_570.jpg,1
testimage_571.jpg,3
testimage_572.jpg,3
testimage_573.jpg,0
testimage_574.jpg,3
testimage_575.jpg,1
testimage_576.jpg,0
testimage_577.jpg,2
testimage_578.jpg,2
testimage_579.jpg,0
testimage_58.jpg,2
testimage_580.jpg,3
testimage_581.jpg,3
testimage_582.jpg,5
testimage_583.jpg,1
testimage_584.jpg,2
testimage_585.jpg,3
testimage_586.jpg,3
testimage_587.jpg,0
testimage_588.jpg,1
testimage_589.jpg,2
testimage_59.jpg,2
testimage_590.jpg,3
testimage_591.jpg,1
testimage_592.jpg,3
testimage_593.jpg,2
testimage_594.jpg,0
testimage_595.jpg,2
testimage_596.jpg,1
testimage_597.jpg,2
testimage_598.jpg,2
testimage_599.jpg,1
testimage_6.jpg,3
testimage_60.jpg,3
testimage_600.jpg,1
testimage_601.jpg,2
testimage_602.jpg,5
testimage_603.jpg,3
testimage_604.jpg,5
testimage_605.jpg,3
testimage_606.jpg,0
testimage_607.jpg,3
testimage_608.jpg,1
testimage_609.jpg,3
testimage_61.jpg,3
testimage_610.jpg,2
testimage_611.jpg,1
testimage_612.jpg,3
testimage_613.jpg,2
testimage_614.jpg,0
testimage_615.jpg,1
testimage_616.jpg,1
testimage_617.jpg,1
testimage_618.jpg,1
testimage_619.jpg,1
testimage_62.jpg,1
testimage_620.jpg,3
testimage_621.jpg,2
testimage_622.jpg,1
testimage_623.jpg,2
testimage_624.jpg,3
testimage_625.jpg,1
testimage_626.jpg,4
testimage_627.jpg,2
testimage_628.jpg,5
testimage_629.jpg,1
testimage_63.jpg,3
testimage_630.jpg,2
testimage_631.jpg,3
testimage_632.jpg,0
testimage_633.jpg,1
testimage_634.jpg,2
testimage_635.jpg,1
testimage_636.jpg,2
testimage_637.jpg,0
testimage_638.jpg,3
testimage_639.jpg,3
testimage_64.jpg,2
testimage_640.jpg,2
testimage_641.jpg,6
testimage_642.jpg,2
testimage_643.jpg,3
testimage_644.jpg,1
testimage_645.jpg,3
testimage_646.jpg,2
testimage_647.jpg,2
testimage_648.jpg,1
testimage_649.jpg,0
testimage_65.jpg,1
testimage_650.jpg,2
testimage_651.jpg,4
testimage_652.jpg,0
testimage_653.jpg,3
testimage_654.jpg,0
testimage_655.jpg,5
testimage_656.jpg,3
testimage_657.jpg,3
testimage_658.jpg,2
testimage_659.jpg,0
testimage_66.jpg,1
testimage_660.jpg,2
testimage_661.jpg,2
testimage_662.jpg,0
testimage_663.jpg,3
testimage_664.jpg,0
testimage_665.jpg,2
testimage_666.jpg,3
testimage_667.jpg,1
testimage_668.jpg,2
testimage_669.jpg,4
testimage_67.jpg,1
testimage_670.jpg,3
testimage_671.jpg,3
testimage_672.jpg,5
testimage_673.jpg,2
testimage_674.jpg,1
testimage_675.jpg,2
testimage_676.jpg,0
testimage_677.jpg,3
testimage_678.jpg,1
testimage_679.jpg,0
testimage_68.jpg,1
testimage_680.jpg,2
testimage_681.jpg,3
testimage_682.jpg,2
testimage_683.jpg,0
testimage_684.jpg,3
testimage_685.jpg,2
testimage_686.jpg,2
testimage_687.jpg,5
testimage_688.jpg,1
testimage_689.jpg,5
testimage_69.jpg,0
testimage_690.jpg,2
testimage_691.jpg,3
testimage_692.jpg,3
testimage_693.jpg,1
testimage_694.jpg,3
testimage_695.jpg,0
testimage_696.jpg,1
testimage_697.jpg,1
testimage_698.jpg,1
testimage_699.jpg,2
testimage_7.jpg,0
testimage_70.jpg,3
testimage_700.jpg,1
testimage_701.jpg,1
testimage_702.jpg,1
testimage_703.jpg,1
testimage_704.jpg,2
testimage_705.jpg,4
testimage_706.jpg,1
testimage_707.jpg,3
testimage_708.jpg,0
testimage_709.jpg,1
testimage_71.jpg,3
testimage_710.jpg,1
testimage_711.jpg,1
testimage_712.jpg,1
testimage_713.jpg,2
testimage_714.jpg,3
testimage_715.jpg,3
testimage_716.jpg,1
testimage_717.jpg,0
testimage_718.jpg,2
testimage_719.jpg,2
testimage_72.jpg,2
testimage_720.jpg,0
testimage_721.jpg,2
testimage_722.jpg,3
testimage_723.jpg,3
testimage_724.jpg,5
testimage_725.jpg,3
testimage_726.jpg,5
testimage_727.jpg,3
testimage_728.jpg,1
testimage_729.jpg,2
testimage_73.jpg,1
testimage_730.jpg,1
testimage_731.jpg,3
testimage_732.jpg,2
testimage_733.jpg,3
testimage_734.jpg,1
testimage_735.jpg,2
testimage_736.jpg,1
testimage_737.jpg,0
testimage_738.jpg,0
testimage_739.jpg,3
testimage_74.jpg,1
testimage_740.jpg,2
testimage_741.jpg,1
testimage_742.jpg,2
testimage_743.jpg,1
testimage_744.jpg,2
testimage_745.jpg,0
testimage_746.jpg,0
testimage_747.jpg,2
testimage_748.jpg,1
testimage_749.jpg,1
testimage_75.jpg,3
testimage_750.jpg,2
testimage_751.jpg,1
testimage_752.jpg,5
testimage_753.jpg,2
testimage_754.jpg,2
testimage_755.jpg,2
testimage_756.jpg,0
testimage_757.jpg,1
testimage_758.jpg,2
testimage_759.jpg,3
testimage_76.jpg,2
testimage_760.jpg,2
testimage_761.jpg,0
testimage_762.jpg,1
testimage_763.jpg,2
testimage_764.jpg,1
testimage_765.jpg,2
testimage_766.jpg,1
testimage_767.jpg,2
testimage_768.jpg,3
testimage_769.jpg,3
testimage_77.jpg,2
testimage_770.jpg,1
testimage_771.jpg,0
testimage_772.jpg,3
testimage_773.jpg,2
testimage_774.jpg,1
testimage_775.jpg,2
testimage_776.jpg,1
testimage_777.jpg,5
testimage_778.jpg,1
testimage_779.jpg,3
testimage_78.jpg,3
testimage_780.jpg,3
testimage_781.jpg,1
testimage_782.jpg,1
testimage_783.jpg,0
testimage_784.jpg,1
testimage_785.jpg,5
testimage_786.jpg,2
testimage_787.jpg,3
testimage_788.jpg,0
testimage_789.jpg,3
testimage_79.jpg,1
testimage_790.jpg,1
testimage_791.jpg,5
testimage_792.jpg,2
testimage_793.jpg,1
testimage_794.jpg,2
testimage_795.jpg,0
testimage_796.jpg,1
testimage_797.jpg,0
testimage_798.jpg,1
testimage_799.jpg,1
testimage_8.jpg,2
testimage_80.jpg,1
testimage_800.jpg,2
testimage_801.jpg,1
testimage_802.jpg,3
testimage_803.jpg,1
testimage_804.jpg,2
testimage_805.jpg,0
testimage_806.jpg,2
testimage_807.jpg,1
testimage_808.jpg,2
testimage_809.jpg,3
testimage_81.jpg,4
testimage_810.jpg,3
testimage_811.jpg,1
testimage_812.jpg,2
testimage_813.jpg,2
testimage_814.jpg,1
testimage_815.jpg,1
testimage_816.jpg,2
testimage_817.jpg,0
testimage_818.jpg,0
testimage_819.jpg,0
testimage_82.jpg,3
testimage_820.jpg,1
testimage_821.jpg,1
testimage_822.jpg,1
testimage_823.jpg,0
testimage_824.jpg,2
testimage_825.jpg,4
testimage_826.jpg,2
testimage_827.jpg,0
testimage_828.jpg,1
testimage_829.jpg,0
testimage_83.jpg,1
testimage_830.jpg,0
testimage_831.jpg,1
testimage_832.jpg,2
testimage_833.jpg,2
testimage_834.jpg,2
testimage_835.jpg,2
testimage_836.jpg,1
testimage_837.jpg,2
testimage_838.jpg,1
testimage_839.jpg,1
testimage_84.jpg,0
testimage_840.jpg,0
testimage_841.jpg,3
testimage_842.jpg,1
testimage_843.jpg,0
testimage_844.jpg,1
testimage_845.jpg,0
testimage_846.jpg,1
testimage_847.jpg,3
testimage_848.jpg,0
testimage_849.jpg,2
testimage_85.jpg,2
testimage_850.jpg,0
testimage_851.jpg,0
testimage_852.jpg,1
testimage_853.jpg,2
testimage_854.jpg,1
testimage_855.jpg,1
testimage_856.jpg,2
testimage_857.jpg,2
testimage_858.jpg,2
testimage_859.jpg,3
testimage_86.jpg,2
testimage_860.jpg,5
testimage_861.jpg,1
testimage_862.jpg,5
testimage_863.jpg,2
testimage_864.jpg,4
testimage_865.jpg,3
testimage_866.jpg,2
testimage_867.jpg,1
testimage_868.jpg,1
testimage_869.jpg,0
testimage_87.jpg,1
testimage_870.jpg,0
testimage_871.jpg,1
testimage_872.jpg,1
testimage_873.jpg,1
testimage_874.jpg,1
testimage_875.jpg,1
testimage_876.jpg,2
testimage_877.jpg,3
testimage_878.jpg,0
testimage_879.jpg,0
testimage_88.jpg,0
testimage_880.jpg,2
testimage_881.jpg,2
testimage_882.jpg,4
testimage_883.jpg,1
testimage_884.jpg,1
testimage_885.jpg,0
testimage_886.jpg,0
testimage_887.jpg,0
testimage_888.jpg,1
testimage_889.jpg,2
testimage_89.jpg,1
testimage_890.jpg,1
testimage_891.jpg,2
testimage_892.jpg,0
testimage_893.jpg,1
testimage_894.jpg,2
testimage_895.jpg,1
testimage_896.jpg,1
testimage_897.jpg,0
testimage_898.jpg,2
testimage_899.jpg,2
testimage_9.jpg,0
testimage_90.jpg,1
testimage_900.jpg,3
testimage_901.jpg,2
testimage_902.jpg,1
testimage_903.jpg,0
testimage_904.jpg,2
testimage_905.jpg,0
testimage_906.jpg,2
testimage_907.jpg,0
testimage_908.jpg,1
testimage_909.jpg,2
testimage_91.jpg,0
testimage_910.jpg,0
testimage_911.jpg,0
testimage_912.jpg,1
testimage_913.jpg,3
testimage_914.jpg,0
testimage_915.jpg,0
testimage_916.jpg,2
testimage_917.jpg,1
testimage_918.jpg,2
testimage_919.jpg,3
testimage_92.jpg,5
testimage_920.jpg,2
testimage_921.jpg,0
testimage_922.jpg,3
testimage_923.jpg,2
testimage_924.jpg,3
testimage_925.jpg,2
testimage_926.jpg,0
testimage_927.jpg,1
testimage_928.jpg,0
testimage_929.jpg,3
testimage_93.jpg,1
testimage_930.jpg,2
testimage_931.jpg,1
testimage_932.jpg,1
testimage_933.jpg,3
testimage_934.jpg,2
testimage_935.jpg,0
testimage_936.jpg,1
testimage_937.jpg,2
testimage_938.jpg,1
testimage_939.jpg,0
testimage_94.jpg,5
testimage_940.jpg,2
testimage_941.jpg,4
testimage_942.jpg,2
testimage_943.jpg,3
testimage_944.jpg,3
testimage_945.jpg,2
testimage_946.jpg,2
testimage_947.jpg,2
testimage_948.jpg,2
testimage_949.jpg,2
testimage_95.jpg,5
testimage_950.jpg,2
testimage_951.jpg,2
testimage_952.jpg,3
testimage_953.jpg,1
testimage_954.jpg,0
testimage_955.jpg,2
testimage_956.jpg,3
testimage_957.jpg,0
testimage_958.jpg,0
testimage_959.jpg,2
testimage_96.jpg,3
testimage_960.jpg,3
testimage_961.jpg,2
testimage_962.jpg,1
testimage_963.jpg,0
testimage_964.jpg,5
testimage_965.jpg,1
testimage_966.jpg,0
testimage_967.jpg,1
testimage_968.jpg,2
testimage_969.jpg,0
testimage_97.jpg,5
testimage_970.jpg,2
testimage_971.jpg,2
testimage_972.jpg,1
testimage_973.jpg,1
testimage_974.jpg,3
testimage_975.jpg,2
testimage_976.jpg,0
testimage_977.jpg,0
testimage_978.jpg,2
testimage_979.jpg,1
testimage_98.jpg,2
testimage_980.jpg,0
testimage_981.jpg,2
testimage_982.jpg,2
testimage_983.jpg,1
testimage_984.jpg,1
testimage_985.jpg,1
testimage_986.jpg,1
testimage_987.jpg,1
testimage_988.jpg,1
testimage_989.jpg,2
testimage_99.jpg,0
testimage_990.jpg,1
testimage_991.jpg,2
testimage_992.jpg,3
testimage_993.jpg,3
testimage_994.jpg,0
testimage_995.jpg,0
testimage_996.jpg,3
testimage_997.jpg,1
testimage_998.jpg,3
testimage_999.jpg,5
